Качур Ваня;0671866566;;;;1
Бескид Маша;0661866566;Робота;;;2
Михайлів Коля;0981866566;Робота;;;3
Михайлів Маша;0661866566;Друзі;;;4
Бескид Коля;0671866566;Клієнти;;;5
Залеський Маша;0981866566;Клієнти;;;6
Бескид Маша;0671866566;Клієнти;;;7
Пітюлич Маша;0971866566;Робота;;;8
Воронцов Петя;0981866566;Клієнти;;;9
Олійник Петя;0991866566;;;;10
Могач Ваня;0981866566;Робота;;;11
Качур Ваня;0991866566;Футбол;;;12
Залеський Вася;0991866566;Сім'я;;;13
Пітюлич Маша;0671866566;Клуб;;;14
Мороз Маша;0981866566;Від брата;;;15
Михайлів Коля;0971866566;Друзі;;;16
Воронцов Петя;0991866566;Клуб;;;17
Олійник Коля;0671866566;Друзі;;;18
Могач Петя;0661866566;Сім'я;;;19
Олійник Петя;0981866566;Сім'я;;;20
Бескид Вася;0661866566;Від брата;;;21
Воронцов Вася;0971866566;Робота;;;22
Воронцов Ваня;0971866566;Клієнти;;;23
Михайлів Коля;0991866566;Робота;;;24
Пітюлич Коля;0991866566;Від брата;;;25
Качур Вася;0661866566;Клієнти;;;26
Олійник Маша;0991866566;Клієнти;;;27
Козак Ваня;0991866566;Клієнти;;;28
Олійник Вася;0991866566;Робота;;;29
Мороз Ваня;0971866566;Колеги;;;30
Могач Вася;0661866566;Робота;;;31
Бескид Маша;0991866566;Робота;;;32
Качур Коля;0661866566;Клуб;;;33
Качур Вася;0971866566;Колеги;;;34
Мороз Вася;0981866566;Робота;;;35
Пітюлич Маша;0671866566;Сім'я;;;36
Воронцов Ваня;0991866566;Робота;;;37
Козак Коля;0971866566;Клуб;;;38
Качур Ваня;0661866566;;;;39
Ковтан Коля;0661866566;Клуб;;;40
Бескид Вася;0981866566;Сім'я;;;41
Залеський Петя;0981866566;Друзі;;;42
Бескид Ваня;0971866566;Сім'я;;;43
Пітюлич Ваня;0991866566;Сім'я;;;44
Олійник Маша;0981866566;;;;45
Могач Вася;0671866566;Друзі;;;46
Качур Вася;0991866566;Клієнти;;;47
Мороз Вася;0661866566;Друзі;;;48
Мороз Ваня;0991866566;Від брата;;;49
Олійник Ваня;0991866566;;;;50
Мороз Ваня;0991866566;Колеги;;;51
Воронцов Вася;0981866566;Клієнти;;;52
Олійник Маша;0971866566;Футбол;;;53
Залеський Ваня;0671866566;Футбол;;;54
Качур Маша;0971866566;Футбол;;;55
Мороз Петя;0661866566;Колеги;;;56
Воронцов Вася;0671866566;Футбол;;;57
Воронцов Вася;0971866566;Від брата;;;58
Бескид Коля;0671866566;Сім'я;;;59
Пітюлич Петя;0671866566;;;;60
Могач Вася;0991866566;Футбол;;;61
Залеський Петя;0971866566;Клуб;;;62
Козак Петя;0981866566;Клуб;;;63
Пітюлич Ваня;0661866566;Робота;;;64
Залеський Ваня;0671866566;Колеги;;;65
Олійник Ваня;0661866566;Друзі;;;66
Мороз Ваня;0671866566;Робота;;;67
Могач Петя;0981866566;Сім'я;;;68
Пітюлич Вася;0971866566;Від брата;;;69
Ковтан Петя;0971866566;Друзі;;;70
Бескид Вася;0971866566;;;;71
Залеський Маша;0671866566;;;;72
Пітюлич Маша;0981866566;Футбол;;;73
Бескид Вася;0971866566;;;;74
Ковтан Маша;0991866566;;;;75
Бескид Ваня;0971866566;Футбол;;;76
Пітюлич Вася;0981866566;Робота;;;77
Козак Маша;0971866566;Колеги;;;78
Михайлів Петя;0671866566;Колеги;;;79
Мороз Ваня;0981866566;Футбол;;;80
Могач Петя;0971866566;Сім'я;;;81
Мороз Ваня;0981866566;Сім'я;;;82
Залеський Петя;0971866566;Футбол;;;83
Ковтан Вася;0971866566;Сім'я;;;84
Воронцов Коля;0661866566;Клуб;;;85
Качур Маша;0991866566;Друзі;;;86
Качур Маша;0981866566;Колеги;;;87
Олійник Коля;0661866566;Клуб;;;88
Качур Петя;0981866566;Друзі;;;89
Михайлів Петя;0991866566;Колеги;;;90
Могач Вася;0991866566;Клуб;;;91
Мороз Маша;0661866566;Робота;;;92
Могач Петя;0671866566;Друзі;;;93
Бескид Ваня;0991866566;Сім'я;;;94
Ковтан Вася;0971866566;Колеги;;;95
Ковтан Маша;0971866566;Клієнти;;;96
Олійник Маша;0661866566;Робота;;;97
Михайлів Коля;0661866566;Сім'я;;;98
Залеський Петя;0671866566;Сім'я;;;99
Бескид Петя;0991866566;Клуб;;;100
Могач Петя;0971866566;Від брата;;;101
Мороз Петя;0661866566;Клієнти;;;102
Олійник Коля;0661866566;Робота;;;103
Козак Ваня;0661866566;Сім'я;;;104
Могач Вася;0661866566;Колеги;;;105
Козак Коля;0671866566;Робота;;;106
Олійник Ваня;0971866566;Друзі;;;107
Михайлів Маша;0981866566;Робота;;;108
Пітюлич Маша;0971866566;Від брата;;;109
Качур Петя;0981866566;Сім'я;;;110
Михайлів Коля;0981866566;Від брата;;;111
Мороз Коля;0991866566;;;;112
Олійник Петя;0991866566;Футбол;;;113
Олійник Ваня;0971866566;Робота;;;114
Залеський Петя;0981866566;Клієнти;;;115
Михайлів Петя;0671866566;Клуб;;;116
Залеський Коля;0671866566;Сім'я;;;117
Мороз Коля;0971866566;Футбол;;;118
Могач Маша;0981866566;Від брата;;;119
Залеський Ваня;0971866566;Футбол;;;120
Олійник Вася;0671866566;Клуб;;;121
Залеський Маша;0981866566;Клуб;;;122
Ковтан Петя;0991866566;Від брата;;;123
Козак Ваня;0661866566;Футбол;;;124
Качур Ваня;0991866566;Друзі;;;125
Качур Маша;0661866566;Футбол;;;126
Могач Петя;0971866566;Клуб;;;127
Мороз Петя;0661866566;Сім'я;;;128
Козак Маша;0991866566;Робота;;;129
Могач Коля;0671866566;Сім'я;;;130
Воронцов Коля;0671866566;Клієнти;;;131
Козак Ваня;0971866566;Друзі;;;132
Могач Ваня;0981866566;;;;133
Воронцов Вася;0991866566;Клуб;;;134
Качур Коля;0671866566;Друзі;;;135
Мороз Ваня;0981866566;Робота;;;136
Олійник Маша;0661866566;;;;137
Олійник Коля;0671866566;Футбол;;;138
Залеський Коля;0971866566;Футбол;;;139
Мороз Коля;0971866566;Друзі;;;140
Михайлів Вася;0671866566;Клуб;;;141
Пітюлич Ваня;0971866566;Робота;;;142
Бескид Петя;0981866566;Клієнти;;;143
Ковтан Петя;0671866566;Сім'я;;;144
Воронцов Маша;0991866566;;;;145
Залеський Вася;0671866566;Робота;;;146
Михайлів Маша;0981866566;Клієнти;;;147
Воронцов Ваня;0981866566;Колеги;;;148
Бескид Вася;0991866566;Сім'я;;;149
Козак Ваня;0671866566;Робота;;;150
Качур Маша;0971866566;;;;151
Бескид Маша;0991866566;Колеги;;;152
Мороз Петя;0671866566;Футбол;;;153
Могач Вася;0981866566;Робота;;;154
Воронцов Ваня;0971866566;Друзі;;;155
Ковтан Ваня;0981866566;;;;156
Михайлів Маша;0661866566;Сім'я;;;157
Ковтан Ваня;0991866566;Від брата;;;158
Михайлів Вася;0671866566;Від брата;;;159
Залеський Петя;0991866566;Друзі;;;160
Залеський Маша;0981866566;;;;161
Залеський Маша;0971866566;Футбол;;;162
Могач Вася;0981866566;Друзі;;;163
Пітюлич Вася;0971866566;Клієнти;;;164
Бескид Вася;0991866566;Робота;;;165
Могач Маша;0661866566;Клуб;;;166
Качур Ваня;0981866566;Клуб;;;167
Олійник Петя;0661866566;Друзі;;;168
Воронцов Вася;0981866566;Футбол;;;169
Мороз Коля;0981866566;Друзі;;;170
Качур Вася;0991866566;;;;171
Ковтан Ваня;0671866566;Робота;;;172
Залеський Маша;0991866566;Клуб;;;173
Ковтан Вася;0981866566;Від брата;;;174
Козак Ваня;0671866566;Сім'я;;;175
Олійник Маша;0661866566;Футбол;;;176
Мороз Коля;0671866566;Сім'я;;;177
Козак Коля;0971866566;Клієнти;;;178
Могач Ваня;0981866566;Клуб;;;179
Залеський Маша;0981866566;Клієнти;;;180
Козак Петя;0661866566;Клієнти;;;181
Ковтан Вася;0661866566;Друзі;;;182
Могач Петя;0971866566;Футбол;;;183
Ковтан Вася;0671866566;Клуб;;;184
Ковтан Ваня;0661866566;Друзі;;;185
Пітюлич Ваня;0671866566;Робота;;;186
Ковтан Петя;0671866566;Клуб;;;187
Могач Ваня;0991866566;;;;188
Олійник Маша;0991866566;Сім'я;;;189
Козак Коля;0991866566;Від брата;;;190
Пітюлич Вася;0991866566;Клуб;;;191
Олійник Маша;0981866566;Клієнти;;;192
Козак Ваня;0991866566;Друзі;;;193
Козак Маша;0971866566;Колеги;;;194
Воронцов Коля;0981866566;Від брата;;;195
Воронцов Вася;0981866566;Друзі;;;196
Ковтан Вася;0661866566;Футбол;;;197
Михайлів Ваня;0971866566;Друзі;;;198
Качур Маша;0991866566;Від брата;;;199
Олійник Вася;0981866566;Клуб;;;200
Михайлів Маша;0671866566;Друзі;;;201
Качур Ваня;0991866566;Клієнти;;;202
Качур Ваня;0981866566;Сім'я;;;203
Залеський Коля;0981866566;Сім'я;;;204
Могач Маша;0991866566;Друзі;;;205
Могач Маша;0971866566;Друзі;;;206
Михайлів Маша;0671866566;;;;207
Залеський Ваня;0661866566;Футбол;;;208
Бескид Ваня;0671866566;Клієнти;;;209
Олійник Коля;0671866566;Клуб;;;210
Михайлів Вася;0661866566;Футбол;;;211
Мороз Петя;0981866566;Колеги;;;212
Олійник Коля;0661866566;Клієнти;;;213
Козак Коля;0671866566;Колеги;;;214
Ковтан Вася;0991866566;Клуб;;;215
Козак Маша;0661866566;Робота;;;216
Бескид Маша;0981866566;;;;217
Ковтан Петя;0971866566;Робота;;;218
Михайлів Петя;0991866566;Клуб;;;219
Залеський Коля;0661866566;Футбол;;;220
Качур Вася;0971866566;Клієнти;;;221
Воронцов Коля;0971866566;Клієнти;;;222
Козак Петя;0981866566;Друзі;;;223
Могач Коля;0671866566;Друзі;;;224
Ковтан Коля;0671866566;Футбол;;;225
Мороз Вася;0661866566;;;;226
Воронцов Коля;0971866566;Футбол;;;227
Могач Коля;0971866566;Колеги;;;228
Мороз Петя;0991866566;Клуб;;;229
Ковтан Коля;0991866566;Клуб;;;230
Ковтан Петя;0991866566;Від брата;;;231
Михайлів Коля;0661866566;Сім'я;;;232
Залеський Маша;0981866566;Клієнти;;;233
Пітюлич Петя;0981866566;Друзі;;;234
Ковтан Петя;0991866566;Клуб;;;235
Олійник Маша;0661866566;Сім'я;;;236
Могач Маша;0661866566;Колеги;;;237
Залеський Маша;0661866566;Друзі;;;238
Могач Коля;0991866566;Клієнти;;;239
Пітюлич Коля;0991866566;Клуб;;;240
Михайлів Петя;0671866566;Сім'я;;;241
Бескид Ваня;0991866566;Робота;;;242
Мороз Маша;0981866566;Від брата;;;243
Козак Петя;0991866566;Клуб;;;244
Бескид Маша;0661866566;;;;245
Михайлів Петя;0991866566;Від брата;;;246
Козак Маша;0671866566;Сім'я;;;247
Качур Петя;0661866566;Друзі;;;248
Ковтан Петя;0971866566;Сім'я;;;249
Пітюлич Ваня;0981866566;;;;250
Залеський Вася;0991866566;Від брата;;;251
Бескид Маша;0981866566;Колеги;;;252
Козак Петя;0991866566;Друзі;;;253
Михайлів Маша;0971866566;Клуб;;;254
Ковтан Ваня;0991866566;Робота;;;255
Козак Коля;0981866566;Від брата;;;256
Могач Маша;0971866566;Футбол;;;257
Михайлів Коля;0981866566;Від брата;;;258
Воронцов Маша;0981866566;Від брата;;;259
Качур Коля;0991866566;;;;260
Олійник Петя;0991866566;Сім'я;;;261
Ковтан Ваня;0981866566;Футбол;;;262
Козак Маша;0671866566;Колеги;;;263
Воронцов Вася;0991866566;Робота;;;264
Залеський Коля;0991866566;Робота;;;265
Мороз Маша;0981866566;Від брата;;;266
Козак Коля;0971866566;Друзі;;;267
Олійник Петя;0991866566;Друзі;;;268
Олійник Маша;0981866566;Клуб;;;269
Могач Вася;0971866566;;;;270
Бескид Маша;0971866566;Друзі;;;271
Ковтан Маша;0981866566;Друзі;;;272
Воронцов Петя;0991866566;Друзі;;;273
Михайлів Вася;0661866566;Робота;;;274
Михайлів Коля;0991866566;Колеги;;;275
Михайлів Маша;0661866566;Футбол;;;276
Воронцов Петя;0661866566;Робота;;;277
Михайлів Петя;0661866566;Клуб;;;278
Воронцов Маша;0991866566;Колеги;;;279
Ковтан Коля;0971866566;Сім'я;;;280
Бескид Вася;0671866566;Сім'я;;;281
Олійник Маша;0991866566;;;;282
Козак Петя;0971866566;Від брата;;;283
Пітюлич Коля;0991866566;Робота;;;284
Козак Маша;0971866566;Сім'я;;;285
Михайлів Петя;0991866566;Сім'я;;;286
Воронцов Вася;0671866566;Друзі;;;287
Ковтан Петя;0971866566;;;;288
Качур Маша;0971866566;Робота;;;289
Мороз Маша;0661866566;Робота;;;290
Мороз Ваня;0661866566;Клуб;;;291
Михайлів Маша;0981866566;Клуб;;;292
Бескид Вася;0981866566;Футбол;;;293
Качур Петя;0661866566;Колеги;;;294
Козак Петя;0981866566;;;;295
Пітюлич Ваня;0661866566;Клуб;;;296
Козак Вася;0971866566;Друзі;;;297
Олійник Вася;0971866566;Сім'я;;;298
Козак Ваня;0671866566;Футбол;;;299
Олійник Петя;0661866566;Робота;;;300
Могач Коля;0971866566;;;;301
Михайлів Маша;0671866566;Від брата;;;302
Могач Коля;0671866566;Робота;;;303
Олійник Ваня;0971866566;Футбол;;;304
Залеський Вася;0971866566;Робота;;;305
Качур Коля;0661866566;Футбол;;;306
Воронцов Вася;0971866566;Клієнти;;;307
Залеський Петя;0671866566;Футбол;;;308
Качур Петя;0981866566;Друзі;;;309
Пітюлич Ваня;0971866566;;;;310
Олійник Петя;0981866566;Колеги;;;311
Ковтан Ваня;0971866566;Друзі;;;312
Пітюлич Коля;0671866566;Колеги;;;313
Козак Коля;0981866566;Від брата;;;314
Козак Коля;0971866566;Від брата;;;315
Качур Маша;0991866566;Футбол;;;316
Ковтан Вася;0981866566;Від брата;;;317
Качур Вася;0981866566;;;;318
Залеський Петя;0981866566;Сім'я;;;319
Воронцов Петя;0991866566;Від брата;;;320
Воронцов Коля;0971866566;Клуб;;;321
Залеський Петя;0971866566;Колеги;;;322
Мороз Вася;0991866566;;;;323
Михайлів Петя;0971866566;Клуб;;;324
Мороз Маша;0991866566;;;;325
Качур Петя;0671866566;Від брата;;;326
Залеський Петя;0971866566;Клуб;;;327
Залеський Вася;0991866566;Футбол;;;328
Залеський Петя;0981866566;Колеги;;;329
Качур Петя;0971866566;Від брата;;;330
Бескид Маша;0671866566;;;;331
Михайлів Коля;0991866566;Колеги;;;332
Залеський Ваня;0671866566;Робота;;;333
Олійник Маша;0971866566;Сім'я;;;334
Ковтан Петя;0671866566;Футбол;;;335
Могач Маша;0671866566;Сім'я;;;336
Михайлів Ваня;0981866566;Клуб;;;337
Мороз Вася;0991866566;Робота;;;338
Мороз Коля;0981866566;Клієнти;;;339
Залеський Ваня;0671866566;Робота;;;340
Ковтан Коля;0671866566;;;;341
Качур Вася;0661866566;Робота;;;342
Михайлів Коля;0991866566;Від брата;;;343
Бескид Коля;0661866566;Робота;;;344
Пітюлич Ваня;0991866566;Футбол;;;345
Бескид Петя;0991866566;Клуб;;;346
Олійник Маша;0971866566;Футбол;;;347
Олійник Ваня;0981866566;Клієнти;;;348
Бескид Маша;0991866566;Робота;;;349
Михайлів Петя;0971866566;Робота;;;350
Бескид Петя;0971866566;;;;351
Пітюлич Коля;0991866566;Друзі;;;352
Михайлів Петя;0971866566;Друзі;;;353
Олійник Вася;0991866566;Сім'я;;;354
Михайлів Коля;0971866566;Клуб;;;355
Залеський Петя;0981866566;Колеги;;;356
Могач Вася;0991866566;Робота;;;357
Козак Коля;0671866566;Клієнти;;;358
Михайлів Коля;0671866566;Друзі;;;359
Могач Маша;0971866566;Колеги;;;360
Бескид Вася;0981866566;;;;361
Мороз Маша;0991866566;Футбол;;;362
Залеський Коля;0671866566;Сім'я;;;363
Залеський Маша;0661866566;Колеги;;;364
Пітюлич Коля;0981866566;Від брата;;;365
Могач Вася;0991866566;Від брата;;;366
Бескид Ваня;0991866566;Колеги;;;367
Воронцов Ваня;0991866566;;;;368
Воронцов Коля;0661866566;Клієнти;;;369
Козак Коля;0991866566;Від брата;;;370
Михайлів Ваня;0661866566;Сім'я;;;371
Качур Ваня;0661866566;Друзі;;;372
Пітюлич Вася;0991866566;Робота;;;373
Воронцов Петя;0971866566;Футбол;;;374
Козак Петя;0981866566;Футбол;;;375
Бескид Ваня;0661866566;Сім'я;;;376
Могач Петя;0981866566;Робота;;;377
Козак Вася;0981866566;Сім'я;;;378
Козак Вася;0661866566;Друзі;;;379
Мороз Коля;0971866566;;;;380
Могач Маша;0991866566;Колеги;;;381
Воронцов Коля;0971866566;;;;382
Воронцов Вася;0671866566;Клуб;;;383
Бескид Петя;0991866566;Колеги;;;384
Залеський Маша;0991866566;Від брата;;;385
Мороз Коля;0991866566;Сім'я;;;386
Залеський Коля;0661866566;Футбол;;;387
Воронцов Коля;0981866566;Робота;;;388
Могач Вася;0971866566;Від брата;;;389
Олійник Вася;0971866566;Робота;;;390
Козак Коля;0991866566;Клієнти;;;391
Олійник Ваня;0981866566;Футбол;;;392
Козак Вася;0971866566;Колеги;;;393
Козак Петя;0661866566;Від брата;;;394
Бескид Коля;0971866566;Клуб;;;395
Мороз Коля;0971866566;Футбол;;;396
Козак Маша;0971866566;Футбол;;;397
Могач Вася;0661866566;Футбол;;;398
Качур Вася;0661866566;Сім'я;;;399
Могач Петя;0971866566;Сім'я;;;400
Воронцов Вася;0981866566;Друзі;;;401
Бескид Маша;0671866566;Футбол;;;402
Ковтан Ваня;0991866566;Колеги;;;403
Залеський Ваня;0971866566;Сім'я;;;404
Воронцов Ваня;0671866566;Клієнти;;;405
Пітюлич Ваня;0971866566;Робота;;;406
Качур Маша;0661866566;Клієнти;;;407
Олійник Ваня;0991866566;Друзі;;;408
Воронцов Петя;0661866566;Від брата;;;409
Воронцов Коля;0671866566;Друзі;;;410
Козак Коля;0991866566;Друзі;;;411
Михайлів Петя;0671866566;Клієнти;;;412
Залеський Маша;0971866566;Друзі;;;413
Залеський Ваня;0661866566;Від брата;;;414
Залеський Петя;0661866566;Робота;;;415
Могач Коля;0661866566;Клієнти;;;416
Воронцов Маша;0671866566;Колеги;;;417
Залеський Петя;0981866566;Футбол;;;418
Залеський Вася;0671866566;;;;419
Воронцов Коля;0671866566;Сім'я;;;420
Пітюлич Коля;0661866566;Клієнти;;;421
Мороз Ваня;0971866566;Від брата;;;422
Качур Коля;0991866566;Сім'я;;;423
Ковтан Маша;0981866566;Сім'я;;;424
Михайлів Петя;0671866566;;;;425
Воронцов Вася;0661866566;Колеги;;;426
Олійник Маша;0971866566;Футбол;;;427
Могач Ваня;0981866566;Клуб;;;428
Залеський Ваня;0671866566;Клієнти;;;429
Михайлів Вася;0981866566;Від брата;;;430
Качур Ваня;0661866566;Робота;;;431
Мороз Вася;0991866566;Сім'я;;;432
Козак Ваня;0661866566;;;;433
Качур Петя;0981866566;Сім'я;;;434
Мороз Петя;0991866566;Колеги;;;435
Мороз Маша;0991866566;Клієнти;;;436
Бескид Петя;0981866566;Клуб;;;437
Пітюлич Петя;0661866566;Від брата;;;438
Козак Ваня;0671866566;Від брата;;;439
Мороз Коля;0991866566;Колеги;;;440
Залеський Петя;0981866566;Друзі;;;441
Залеський Коля;0991866566;Колеги;;;442
Ковтан Петя;0971866566;Клуб;;;443
Михайлів Коля;0671866566;Футбол;;;444
Бескид Коля;0991866566;Робота;;;445
Могач Петя;0671866566;Футбол;;;446
Залеський Коля;0991866566;Робота;;;447
Бескид Петя;0671866566;;;;448
Мороз Ваня;0971866566;Від брата;;;449
Олійник Ваня;0661866566;Клієнти;;;450
Мороз Маша;0981866566;Клієнти;;;451
Михайлів Вася;0671866566;Сім'я;;;452
Михайлів Коля;0991866566;Друзі;;;453
Козак Вася;0981866566;Колеги;;;454
Воронцов Маша;0971866566;Робота;;;455
Могач Вася;0971866566;Від брата;;;456
Могач Вася;0981866566;Колеги;;;457
Качур Ваня;0661866566;Від брата;;;458
Михайлів Вася;0971866566;Сім'я;;;459
Мороз Коля;0981866566;Клуб;;;460
Пітюлич Коля;0671866566;Клуб;;;461
Пітюлич Петя;0991866566;Сім'я;;;462
Ковтан Коля;0981866566;Клієнти;;;463
Мороз Коля;0671866566;Сім'я;;;464
Мороз Вася;0671866566;Від брата;;;465
Могач Вася;0971866566;Колеги;;;466
Пітюлич Коля;0991866566;Клієнти;;;467
Бескид Вася;0991866566;Клуб;;;468
Качур Маша;0971866566;Робота;;;469
Олійник Маша;0671866566;Футбол;;;470
Козак Вася;0991866566;Друзі;;;471
Качур Вася;0671866566;Сім'я;;;472
Олійник Петя;0671866566;Сім'я;;;473
Мороз Петя;0671866566;Робота;;;474
Качур Вася;0981866566;Сім'я;;;475
Мороз Петя;0981866566;Сім'я;;;476
Михайлів Петя;0991866566;Футбол;;;477
Олійник Маша;0971866566;Колеги;;;478
Ковтан Вася;0661866566;Клієнти;;;479
Мороз Вася;0661866566;Від брата;;;480
Олійник Коля;0991866566;Друзі;;;481
Качур Коля;0981866566;Сім'я;;;482
Михайлів Ваня;0981866566;Друзі;;;483
Олійник Ваня;0991866566;Футбол;;;484
Залеський Маша;0991866566;Від брата;;;485
Михайлів Коля;0971866566;Клуб;;;486
Михайлів Петя;0671866566;Сім'я;;;487
Олійник Маша;0971866566;;;;488
Качур Петя;0971866566;Колеги;;;489
Ковтан Коля;0971866566;;;;490
Мороз Коля;0971866566;Робота;;;491
Качур Коля;0661866566;Клієнти;;;492
Козак Вася;0661866566;Колеги;;;493
Михайлів Маша;0661866566;Футбол;;;494
Качур Петя;0991866566;Сім'я;;;495
Ковтан Вася;0971866566;;;;496
Михайлів Вася;0671866566;;;;497
Мороз Маша;0991866566;Клієнти;;;498
Ковтан Коля;0671866566;Сім'я;;;499
Воронцов Ваня;0991866566;Від брата;;;500
Олійник Маша;0991866566;Друзі;;;501
Козак Коля;0991866566;Клуб;;;502
Олійник Маша;0661866566;Робота;;;503
Могач Петя;0671866566;Сім'я;;;504
Качур Коля;0671866566;Друзі;;;505
Мороз Ваня;0981866566;;;;506
Михайлів Коля;0661866566;Сім'я;;;507
Пітюлич Ваня;0661866566;Робота;;;508
Ковтан Коля;0971866566;Колеги;;;509
Михайлів Вася;0991866566;Від брата;;;510
Михайлів Вася;0971866566;Колеги;;;511
Козак Вася;0671866566;Від брата;;;512
Мороз Петя;0971866566;Футбол;;;513
Могач Ваня;0671866566;Від брата;;;514
Качур Маша;0991866566;Сім'я;;;515
Пітюлич Коля;0981866566;Від брата;;;516
Михайлів Маша;0971866566;Робота;;;517
Могач Вася;0661866566;Друзі;;;518
Козак Ваня;0981866566;;;;519
Пітюлич Коля;0981866566;Робота;;;520
Мороз Коля;0671866566;Клієнти;;;521
Михайлів Вася;0661866566;Клуб;;;522
Олійник Петя;0661866566;Друзі;;;523
Михайлів Коля;0671866566;Сім'я;;;524
Могач Петя;0981866566;Сім'я;;;525
Залеський Коля;0661866566;Сім'я;;;526
Воронцов Вася;0971866566;;;;527
Олійник Петя;0671866566;Футбол;;;528
Олійник Вася;0671866566;;;;529
Ковтан Петя;0671866566;Клієнти;;;530
Михайлів Ваня;0981866566;Колеги;;;531
Ковтан Петя;0991866566;Від брата;;;532
Козак Коля;0981866566;Клуб;;;533
Бескид Вася;0661866566;Друзі;;;534
Пітюлич Ваня;0991866566;Від брата;;;535
Могач Ваня;0991866566;Сім'я;;;536
Залеський Петя;0671866566;Робота;;;537
Ковтан Петя;0671866566;Друзі;;;538
Залеський Петя;0661866566;;;;539
Бескид Петя;0671866566;Сім'я;;;540
Михайлів Петя;0991866566;Колеги;;;541
Пітюлич Коля;0671866566;Колеги;;;542
Мороз Петя;0661866566;Клієнти;;;543
Олійник Маша;0671866566;Колеги;;;544
Воронцов Коля;0971866566;Від брата;;;545
Залеський Вася;0971866566;Футбол;;;546
Качур Маша;0661866566;Друзі;;;547
Мороз Ваня;0971866566;Клієнти;;;548
Козак Маша;0671866566;Футбол;;;549
Качур Ваня;0661866566;Робота;;;550
Бескид Вася;0971866566;Від брата;;;551
Олійник Маша;0671866566;Сім'я;;;552
Воронцов Петя;0971866566;Клієнти;;;553
Могач Ваня;0991866566;Робота;;;554
Могач Ваня;0661866566;Друзі;;;555
Пітюлич Вася;0991866566;Футбол;;;556
Могач Вася;0671866566;Клуб;;;557
Козак Вася;0661866566;Від брата;;;558
Пітюлич Ваня;0981866566;Клуб;;;559
Бескид Петя;0661866566;Футбол;;;560
Михайлів Маша;0671866566;Робота;;;561
Мороз Ваня;0671866566;Колеги;;;562
Бескид Маша;0971866566;Робота;;;563
Воронцов Петя;097186656600;Колеги;;;564
Михайлів Маша;0991866566;Колеги;;;565
Мороз Коля;0661866566;Колеги;;;566
Олійник Петя;0971866566;;;;567
Ковтан Петя;0991866566;Колеги;;;568
Залеський Петя;0991866566;Футбол;;;569
Бескид Вася;0981866566;;;;570
Качур Вася;0661866566;Сім'я;;;571
Бескид Коля;0981866566;Клієнти;;;572
Михайлів Маша;0971866566;Клієнти;;;573
Качур Петя;0991866566;Сім'я;;;574
Залеський Вася;0981866566;Робота;;;575
Мороз Петя;0991866566;;;;576
Залеський Коля;0661866566;Друзі;;;577
Ковтан Коля;0971866566;Робота;;;578
Бескид Маша;0661866566;Сім'я;;;579
Мороз Маша;0971866566;Футбол;;;580
Пітюлич Ваня;0991866566;Футбол;;;581
Михайлів Вася;0661866566;Футбол;;;582
Мороз Коля;0671866566;Футбол;;;583
Козак Петя;0661866566;Від брата;;;584
Пітюлич Ваня;0981866566;Клієнти;;;585
Пітюлич Коля;0981866566;Сім'я;;;586
Мороз Ваня;0661866566;Клуб;;;587
Качур Коля;0671866566;Від брата;;;588
Воронцов Ваня;0971866566;Клуб;;;589
Качур Петя;0991866566;Футбол;;;590
Пітюлич Петя;0661866566;Друзі;;;591
Качур Коля;0661866566;Колеги;;;592
Козак Коля;0661866566;Клуб;;;593
Воронцов Маша;0981866566;Друзі;;;594
Ковтан Коля;0981866566;Футбол;;;595
Ковтан Вася;0661866566;Друзі;;;596
Ковтан Ваня;0661866566;Друзі;;;597
Залеський Вася;0981866566;Клієнти;;;598
Олійник Ваня;0971866566;Робота;;;599
Козак Коля;0971866566;Друзі;;;600
Бескид Ваня;0971866566;Футбол;;;601
Пітюлич Коля;0981866566;Клієнти;;;602
Качур Вася;0991866566;Футбол;;;603
Пітюлич Ваня;0991866566;Від брата;;;604
Качур Ваня;0661866566;Робота;;;605
Михайлів Петя;0971866566;Робота;;;606
Олійник Коля;0991866566;Робота;;;607
Качур Петя;0991866566;Колеги;;;608
Качур Коля;0671866566;Робота;;;609
Бескид Петя;0991866566;Друзі;;;610
Ковтан Коля;0671866566;Футбол;;;611
Козак Маша;0971866566;Від брата;;;612
Бескид Петя;0981866566;Колеги;;;613
Пітюлич Ваня;0991866566;Друзі;;;614
Козак Ваня;0661866566;;;;615
Михайлів Петя;0981866566;Сім'я;;;616
Пітюлич Маша;0661866566;Друзі;;;617
Могач Вася;0991866566;Сім'я;;;618
Олійник Ваня;0971866566;Від брата;;;619
Бескид Коля;0661866566;Клієнти;;;620
Олійник Коля;0991866566;Від брата;;;621
Михайлів Ваня;0991866566;Робота;;;622
Могач Вася;0671866566;;;;623
Олійник Маша;0991866566;Сім'я;;;624
Могач Ваня;0981866566;;;;625
Козак Вася;0991866566;Футбол;;;626
Мороз Вася;0661866566;Клуб;;;627
Пітюлич Коля;0971866566;Сім'я;;;628
Бескид Коля;0971866566;Сім'я;;;629
Мороз Вася;0661866566;Футбол;;;630
Бескид Коля;0981866566;Футбол;;;631
Качур Коля;0971866566;Клуб;;;632
Качур Петя;0991866566;Сім'я;;;633
Бескид Ваня;0671866566;Друзі;;;634
Козак Петя;0671866566;Робота;;;635
Залеський Петя;0671866566;Робота;;;636
Залеський Ваня;0981866566;Колеги;;;637
Мороз Коля;0671866566;Клуб;;;638
Залеський Ваня;0971866566;Від брата;;;639
Могач Петя;0991866566;Друзі;;;640
Залеський Коля;0991866566;Робота;;;641
Козак Петя;0981866566;;;;642
Воронцов Маша;0671866566;Друзі;;;643
Ковтан Петя;0671866566;Клієнти;;;644
Воронцов Коля;0981866566;Колеги;;;645
Воронцов Петя;0991866566;Сім'я;;;646
Пітюлич Ваня;0981866566;Футбол;;;647
Качур Вася;0991866566;Клієнти;;;648
Мороз Ваня;0661866566;Колеги;;;649
Качур Вася;0661866566;Сім'я;;;650
Козак Маша;0991866566;Від брата;;;651
Михайлів Коля;0971866566;Клуб;;;652
Залеський Вася;0971866566;Клієнти;;;653
Залеський Ваня;0991866566;Клуб;;;654
Мороз Вася;0661866566;Робота;;;655
Козак Петя;0981866566;Друзі;;;656
Залеський Маша;0661866566;Клієнти;;;657
Олійник Вася;0981866566;Футбол;;;658
Пітюлич Вася;0981866566;Клієнти;;;659
Ковтан Вася;0661866566;Сім'я;;;660
Пітюлич Ваня;0671866566;;;;661
Бескид Вася;0661866566;Футбол;;;662
Воронцов Вася;0991866566;Друзі;;;663
Мороз Коля;0991866566;Клуб;;;664
Воронцов Ваня;0991866566;Друзі;;;665
Пітюлич Маша;0991866566;Футбол;;;666
Козак Коля;0971866566;Клуб;;;667
Качур Петя;0981866566;;;;668
Ковтан Маша;0971866566;Друзі;;;669
Бескид Коля;0971866566;Клуб;;;670
Козак Петя;0991866566;Друзі;;;671
Пітюлич Коля;0991866566;;;;672
Пітюлич Ваня;0991866566;Клієнти;;;673
Пітюлич Ваня;0661866566;Колеги;;;674
Воронцов Коля;0991866566;Клієнти;;;675
Залеський Вася;0991866566;Друзі;;;676
Козак Маша;0661866566;Футбол;;;677
Качур Ваня;0671866566;Клуб;;;678
Пітюлич Петя;0991866566;Робота;;;679
Бескид Ваня;0981866566;Сім'я;;;680
Залеський Вася;0981866566;Клієнти;;;681
Ковтан Петя;0661866566;Клієнти;;;682
Могач Коля;0671866566;Клуб;;;683
Козак Ваня;0671866566;Робота;;;684
Ковтан Ваня;0981866566;Друзі;;;685
Михайлів Ваня;0671866566;Футбол;;;686
Могач Петя;0971866566;Клієнти;;;687
Качур Коля;0671866566;Від брата;;;688
Залеський Коля;0661866566;Клуб;;;689
Залеський Вася;0661866566;Футбол;;;690
Козак Коля;0971866566;Друзі;;;691
Козак Коля;0971866566;Футбол;;;692
Воронцов Вася;0971866566;Від брата;;;693
Качур Коля;0661866566;;;;694
Олійник Маша;0671866566;Від брата;;;695
Михайлів Коля;0981866566;Від брата;;;696
Олійник Ваня;0671866566;Від брата;;;697
Залеський Коля;0661866566;Сім'я;;;698
Могач Ваня;0981866566;Від брата;;;699
Михайлів Вася;0971866566;Робота;;;700
Залеський Маша;0991866566;;;;701
Олійник Ваня;0971866566;Робота;;;702
Пітюлич Ваня;0661866566;Сім'я;;;703
Олійник Маша;0971866566;Робота;;;704
Залеський Петя;0671866566;Друзі;;;705
Ковтан Ваня;0671866566;Клуб;;;706
Ковтан Петя;0991866566;Клієнти;;;707
Воронцов Маша;0991866566;;;;708
Мороз Маша;0991866566;;;;709
Козак Коля;0981866566;Від брата;;;710
Мороз Маша;0671866566;;;;711
Михайлів Маша;0971866566;Сім'я;;;712
Мороз Петя;0991866566;Клуб;;;713
Олійник Вася;0971866566;;;;714
Пітюлич Петя;0671866566;;;;715
Олійник Ваня;0991866566;Друзі;;;716
Воронцов Маша;0671866566;Клієнти;;;717
Бескид Вася;0671866566;Клієнти;;;718
Михайлів Маша;0661866566;Колеги;;;719
Могач Петя;0971866566;Футбол;;;720
Могач Коля;0981866566;Друзі;;;721
Бескид Вася;0971866566;Сім'я;;;722
Ковтан Маша;0661866566;Клуб;;;723
Мороз Вася;0981866566;Клуб;;;724
Бескид Петя;0971866566;Колеги;;;725
Козак Ваня;0981866566;Сім'я;;;726
Олійник Петя;0971866566;Клієнти;;;727
Пітюлич Коля;0981866566;Клієнти;;;728
Козак Вася;0981866566;Футбол;;;729
Мороз Маша;0971866566;Друзі;;;730
Пітюлич Ваня;0981866566;Робота;;;731
Мороз Коля;0981866566;Від брата;;;732
Качур Вася;0671866566;Футбол;;;733
Козак Коля;0971866566;;;;734
Бескид Вася;0671866566;Колеги;;;735
Могач Маша;0661866566;Колеги;;;736
Бескид Коля;0971866566;Сім'я;;;737
Могач Маша;0981866566;Від брата;;;738
Залеський Вася;0991866566;Колеги;;;739
Ковтан Петя;0661866566;Колеги;;;740
Козак Петя;0981866566;Робота;;;741
Ковтан Ваня;0671866566;Від брата;;;742
Бескид Коля;0671866566;Сім'я;;;743
Пітюлич Вася;0981866566;Колеги;;;744
Бескид Маша;0991866566;;;;745
Воронцов Вася;0661866566;Клуб;;;746
Михайлів Ваня;0671866566;Робота;;;747
Могач Коля;0671866566;Колеги;;;748
Качур Вася;0981866566;Колеги;;;749
Качур Коля;0661866566;Сім'я;;;750
Качур Петя;0981866566;Від брата;;;751
Козак Вася;0671866566;Клуб;;;752
Залеський Ваня;0971866566;Футбол;;;753
Мороз Ваня;0671866566;Клієнти;;;754
Олійник Ваня;0671866566;Клуб;;;755
Могач Маша;0661866566;Клієнти;;;756
Пітюлич Петя;0971866566;Сім'я;;;757
Могач Маша;0661866566;Клієнти;;;758
Могач Коля;0671866566;Сім'я;;;759
Могач Маша;0971866566;Робота;;;760
Михайлів Коля;0661866566;Друзі;;;761
Качур Вася;0991866566;Робота;;;762
Ковтан Петя;0671866566;Від брата;;;763
Мороз Вася;0991866566;Клуб;;;764
Олійник Ваня;0671866566;Клієнти;;;765
Воронцов Ваня;0671866566;Робота;;;766
Залеський Маша;0971866566;Друзі;;;767
Козак Ваня;0671866566;Клієнти;;;768
Козак Маша;0971866566;Робота;;;769
Залеський Ваня;0991866566;Від брата;;;770
Ковтан Ваня;0671866566;Друзі;;;771
Пітюлич Маша;0971866566;Клуб;;;772
Могач Маша;0971866566;Колеги;;;773
Михайлів Маша;0991866566;Футбол;;;774
Ковтан Коля;0971866566;Клієнти;;;775
Бескид Ваня;0671866566;Клієнти;;;776
Залеський Коля;0661866566;Футбол;;;777
Залеський Вася;0671866566;Робота;;;778
Ковтан Маша;0981866566;Від брата;;;779
Козак Вася;0671866566;Робота;;;780
Ковтан Маша;0981866566;Сім'я;;;781
Пітюлич Вася;0971866566;;;;782
Воронцов Коля;0971866566;Клієнти;;;783
Пітюлич Петя;0991866566;Клієнти;;;784
Козак Маша;0971866566;;;;785
Михайлів Маша;0671866566;Клієнти;;;786
Пітюлич Петя;0661866566;Друзі;;;787
Олійник Вася;0971866566;Сім'я;;;788
Качур Ваня;0981866566;Від брата;;;789
Мороз Петя;0971866566;Футбол;;;790
Олійник Ваня;0671866566;Робота;;;791
Залеський Коля;0671866566;Від брата;;;792
Бескид Петя;0661866566;Сім'я;;;793
Залеський Петя;0671866566;Колеги;;;794
Михайлів Ваня;0661866566;Клієнти;;;795
Качур Коля;0971866566;Колеги;;;796
Олійник Вася;0981866566;Клієнти;;;797
Пітюлич Коля;0981866566;Футбол;;;798
Качур Коля;0671866566;Колеги;;;799
Пітюлич Маша;0661866566;;;;800
Ковтан Петя;0981866566;Сім'я;;;801
Залеський Маша;0671866566;Клуб;;;802
Воронцов Ваня;0661866566;Колеги;;;803
Пітюлич Вася;0981866566;Футбол;;;804
Бескид Маша;0671866566;Клуб;;;805
Пітюлич Вася;0971866566;Робота;;;806
Залеський Вася;0981866566;Друзі;;;807
Залеський Ваня;0671866566;Футбол;;;808
Олійник Петя;0991866566;;;;809
Козак Коля;0661866566;Колеги;;;810
Ковтан Ваня;0671866566;Робота;;;811
Козак Вася;0991866566;Робота;;;812
Олійник Вася;0981866566;Сім'я;;;813
Мороз Маша;0661866566;Сім'я;;;814
Залеський Петя;0981866566;Футбол;;;815
Воронцов Петя;0671866566;Від брата;;;816
Козак Петя;0671866566;Клієнти;;;817
Мороз Коля;0971866566;Клієнти;;;818
Михайлів Вася;0991866566;Футбол;;;819
Олійник Ваня;0671866566;Клуб;;;820
Михайлів Вася;0671866566;Клуб;;;821
Ковтан Ваня;0991866566;Клуб;;;822
Воронцов Маша;0981866566;Клуб;;;823
Залеський Вася;0671866566;Від брата;;;824
Могач Маша;0671866566;Клуб;;;825
Качур Петя;0971866566;Колеги;;;826
Бескид Ваня;0661866566;Від брата;;;827
Бескид Вася;0971866566;;;;828
Воронцов Ваня;0981866566;Друзі;;;829
Бескид Вася;0971866566;Колеги;;;830
Ковтан Коля;0991866566;Колеги;;;831
Залеський Маша;0661866566;Робота;;;832
Олійник Вася;0971866566;Клієнти;;;833
Козак Коля;0991866566;Клієнти;;;834
Залеський Вася;0671866566;Клієнти;;;835
Воронцов Коля;0661866566;Друзі;;;836
Качур Коля;0661866566;;;;837
Могач Петя;0991866566;Клієнти;;;838
Мороз Вася;0991866566;Колеги;;;839
Мороз Коля;0971866566;Від брата;;;840
Залеський Коля;0981866566;Футбол;;;841
Бескид Ваня;0991866566;Футбол;;;842
Качур Ваня;0981866566;Колеги;;;843
Ковтан Маша;0671866566;Друзі;;;844
Пітюлич Ваня;0661866566;Клієнти;;;845
Могач Ваня;0661866566;;;;846
Михайлів Маша;0971866566;Клієнти;;;847
Могач Ваня;0981866566;Робота;;;848
Бескид Маша;0661866566;Клуб;;;849
Бескид Петя;0971866566;Клієнти;;;850
Козак Вася;0671866566;Друзі;;;851
Козак Ваня;0981866566;Колеги;;;852
Олійник Маша;0981866566;Клуб;;;853
Пітюлич Маша;0661866566;Друзі;;;854
Михайлів Коля;0981866566;Від брата;;;855
Мороз Вася;0971866566;Робота;;;856
Мороз Ваня;0671866566;Клуб;;;857
Козак Коля;0971866566;Клієнти;;;858
Пітюлич Коля;0671866566;Клуб;;;859
Могач Ваня;0991866566;Колеги;;;860
Олійник Коля;0981866566;Сім'я;;;861
Качур Ваня;0971866566;Від брата;;;862
Могач Петя;0971866566;Клуб;;;863
Козак Ваня;0971866566;Клієнти;;;864
Залеський Маша;0661866566;Колеги;;;865
Козак Ваня;0981866566;Футбол;;;866
Качур Петя;0981866566;Сім'я;;;867
Пітюлич Вася;0981866566;Футбол;;;868
Козак Маша;0981866566;Друзі;;;869
Михайлів Петя;0981866566;Футбол;;;870
Козак Ваня;0971866566;Колеги;;;871
Олійник Маша;0671866566;Футбол;;;872
Бескид Маша;0671866566;;;;873
Бескид Ваня;0981866566;Робота;;;874
Воронцов Ваня;0971866566;Сім'я;;;875
Ковтан Петя;0671866566;Клієнти;;;876
Мороз Коля;0971866566;;;;877
Мороз Коля;0671866566;Колеги;;;878
Олійник Вася;0981866566;Колеги;;;879
Михайлів Маша;0661866566;Клуб;;;880
Бескид Маша;0981866566;Колеги;;;881
Олійник Коля;0671866566;Друзі;;;882
Олійник Петя;0971866566;Колеги;;;883
Могач Вася;0991866566;Футбол;;;884
Могач Маша;0991866566;Футбол;;;885
Мороз Петя;0991866566;Клуб;;;886
Михайлів Вася;0971866566;Колеги;;;887
Мороз Маша;0671866566;Клієнти;;;888
Бескид Маша;0981866566;Клуб;;;889
Мороз Вася;0991866566;;;;890
Мороз Вася;0971866566;Від брата;;;891
Олійник Вася;0981866566;Колеги;;;892
Пітюлич Маша;0971866566;Друзі;;;893
Бескид Петя;0981866566;Друзі;;;894
Воронцов Ваня;0991866566;;;;895
Олійник Вася;0661866566;Клієнти;;;896
Воронцов Маша;0971866566;Сім'я;;;897
Могач Петя;0991866566;Футбол;;;898
Бескид Маша;0991866566;Від брата;;;899
Могач Вася;0991866566;Робота;;;900
Могач Коля;0991866566;Колеги;;;901
Ковтан Петя;0661866566;Колеги;;;902
Олійник Коля;0661866566;Клуб;;;903
Пітюлич Маша;0971866566;Від брата;;;904
Ковтан Маша;0991866566;Клієнти;;;905
Бескид Вася;0971866566;Клієнти;;;906
Бескид Маша;0971866566;Робота;;;907
Пітюлич Вася;0981866566;Колеги;;;908
Олійник Вася;0991866566;Колеги;;;909
Мороз Петя;0981866566;;;;910
Могач Коля;0971866566;Від брата;;;911
Олійник Петя;0981866566;Робота;;;912
Ковтан Вася;0971866566;Сім'я;;;913
Козак Вася;0991866566;Клієнти;;;914
Бескид Вася;0671866566;Футбол;;;915
Козак Коля;0991866566;;;;916
Воронцов Петя;0991866566;Робота;;;917
Воронцов Коля;0671866566;Від брата;;;918
Воронцов Маша;0671866566;Клуб;;;919
Бескид Петя;0991866566;;;;920
Олійник Петя;0971866566;Від брата;;;921
Залеський Вася;0981866566;Друзі;;;922
Михайлів Петя;0671866566;Від брата;;;923
Бескид Ваня;0991866566;Робота;;;924
Могач Вася;0981866566;Сім'я;;;925
Качур Петя;0991866566;Друзі;;;926
Олійник Петя;0981866566;Сім'я;;;927
Олійник Петя;0661866566;;;;928
Мороз Петя;0661866566;Футбол;;;929
Олійник Вася;0981866566;Колеги;;;930
Пітюлич Ваня;0671866566;;;;931
Ковтан Ваня;0981866566;Від брата;;;932
Залеський Маша;0671866566;Футбол;;;933
Пітюлич Коля;0671866566;Сім'я;;;934
Ковтан Коля;0981866566;Колеги;;;935
Могач Вася;0671866566;Клуб;;;936
Олійник Петя;0671866566;Друзі;;;937
Бескид Ваня;0981866566;Клієнти;;;938
Козак Маша;0661866566;Робота;;;939
Бескид Маша;0661866566;Робота;;;940
Мороз Петя;0981866566;Клієнти;;;941
Могач Петя;0661866566;Друзі;;Photos\image942;942
Бескид Маша;0991866566;Колеги;;;943
Залеський Маша;0971866566;Сім'я;;;944
Козак Коля;0971866566;Від брата;;;945
Козак Маша;0991866566;Друзі;;;946
Олійник Маша;0971866566;Колеги;;;947
Пітюлич Маша;0981866566;Футбол;;;948
Мороз Петя;0991866566;Колеги;;;949
Могач Маша;0671866566;;;;950
Олійник Петя;0971866566;Від брата;;;951
Качур Маша;0661866566;Сім'я;;;952
Качур Ваня;0671866566;Клуб;;;953
Мороз Маша;0661866566;Колеги;;;954
Мороз Маша;0991866566;Сім'я;;;955
Могач Петя;0991866566;Від брата;;;956
Качур Ваня;0991866566;Друзі;;;957
Залеський Маша;0991866566;;;;958
Ковтан Коля;0671866566;Клієнти;;;960
Могач Петя;0661866566;Колеги;;;961
Михайлів Ваня;0991866566;Колеги;;;962
Воронцов Ваня;0991866566;Сім'я;;;963
Залеський Петя;0991866566;Від брата;;;964
Ковтан Петя;0971866566;Клієнти;;;965
Залеський Ваня;0991866566;Футбол;;Photos\image966;966
Пітюлич Петя;0991866566;Клуб;;;969
Олійник Ваня;0671866566;;;;971
Могач Коля;0981866566;Від брата;;;972
Пітюлич Вася;0981866566;Робота;;;973
Воронцов Коля;0661866566;Друзі;;Photos\image974;974
Пітюлич Вася;0671866566;Клуб;;;975
Олійник Коля;0661866566;Футбол;;Photos\image976;976
Бескид Маша;0661866566;Колеги;;;977
Могач Коля;0971866566;;;;982
Качур Маша;0981866566;Колеги;;;983
Могач Коля;0991866566;Колеги;;;984
Залеський Ваня;0981866566;Друзі;;;988
Воронцов Маша;0981866566;Колеги;;;989
asdsad;3123123;Від брата;wrerwre;Photos\image978;978
dsgsdg;436346;Клієнти;;Photos\image979;979
